INSERT INTO PRESCRIBER VALUES (1,'Antonia','Sidwell','Anesthesiologist',45,'M');
INSERT INTO PRESCRIBER VALUES (2,'Shayla','Chun','Cardiologist',60,'F');
INSERT INTO PRESCRIBER VALUES (3,'Wendell','Herwig','Dermatologist',34,'M');
INSERT INTO PRESCRIBER VALUES (4,'Shalon','Dossantos','Gastroenterologist',56,'F');
INSERT INTO PRESCRIBER VALUES (5,'Brady','Lambros','Gynecologist',45,'M');
INSERT INTO PRESCRIBER VALUES (6,'Drema','Mcalpine','Oncologist',56,'F');
INSERT INTO PRESCRIBER VALUES (7,'Tonja','Abdul','Hematologist',49,'F');
INSERT INTO PRESCRIBER VALUES (8,'Glynda','Montero','Anesthesiologist',38,'F');
INSERT INTO PRESCRIBER VALUES (9,'Alfredo','Scanlan','Cardiologist',50,'M');
INSERT INTO PRESCRIBER VALUES (10,'Liz','Montez','Dermatologist',45,'F');
INSERT INTO PRESCRIBER VALUES (11,'Chantay','Tanner','Gastroenterologist',35,'F');
INSERT INTO PRESCRIBER VALUES (12,'Marisela','Brasfield','Gynecologist',42,'F');
INSERT INTO PRESCRIBER VALUES (13,'Brenda','Clemans','Oncologist',57,'F');
INSERT INTO PRESCRIBER VALUES (14,'Rene','Steffy','Oncologist',51,'M');
INSERT INTO PRESCRIBER VALUES (15,'Shea','Sever','Dermatologist',61,'F');
INSERT INTO PRESCRIBER VALUES (16,'Dudley','Chattin','Cardiologist',49,'M');
INSERT INTO PRESCRIBER VALUES (17,'Sondra','Bolds','Hematologist',50,'F');
INSERT INTO PRESCRIBER VALUES (18,'Nobuko','Helvey','Oncologist',35,'F');
INSERT INTO PRESCRIBER VALUES (19,'Penny','Mulholland','Hematologist',45,'F');
INSERT INTO PRESCRIBER VALUES (20,'Floy','Heath','Gastroenterologist',59,'F');
--
INSERT INTO PATIENT VALUES (1,'Liana','Celentano',45,68,13,'F',3);
INSERT INTO PATIENT VALUES (2,'Jackelyn','Below',51,166,12,'F',6);
INSERT INTO PATIENT VALUES (3,'Raleigh','Wyant',66,66,44,'M',3);
INSERT INTO PATIENT VALUES (4,'Marianna','Vert',15,161,79,'F',2);
INSERT INTO PATIENT VALUES (5,'Emile','Stancil',38,36,54,'M',11);
INSERT INTO PATIENT VALUES (6,'Lois','Beall',41,174,42,'F',15);
INSERT INTO PATIENT VALUES (7,'Jaleesa','Krull',26,115,39,'F',9);
INSERT INTO PATIENT VALUES (8,'Modesto','Mattioli',32,108,46,'M',18);
INSERT INTO PATIENT VALUES (9,'Tammara','Louviere',16,93,97,'F',3);
INSERT INTO PATIENT VALUES (10,'Lianne','Broker',70,146,41,'F',11);
INSERT INTO PATIENT VALUES (11,'Charlie','Wigton',77,158,70,'M',10);
INSERT INTO PATIENT VALUES (12,'Leroy','Labarge',68,140,35,'M',12);
INSERT INTO PATIENT VALUES (13,'Mila','Astin',57,105,38,'F',3);
INSERT INTO PATIENT VALUES (14,'Dane','Arenas',60,174,63,'M',15);
INSERT INTO PATIENT VALUES (15,'Sheree','Soles',39,89,71,'F',9);
INSERT INTO PATIENT VALUES (16,'Cassey','Verville',55,104,66,'F',5);
INSERT INTO PATIENT VALUES (17,'Myra','Lamoureux',26,86,39,'F',7);
INSERT INTO PATIENT VALUES (18,'Dwain','Kennington',38,116,70,'M',1);
INSERT INTO PATIENT VALUES (19,'Darron','Guercio',61,58,7,'M',2);
INSERT INTO PATIENT VALUES (20,'Vernita','Pyburn',25,130,20,'F',9);
--
INSERT INTO ENZYME VALUES (1,'CYP2D6');
INSERT INTO ENZYME VALUES (2,'CYP3A4');
INSERT INTO ENZYME VALUES (3,'CYP1A2');
INSERT INTO ENZYME VALUES (4,'CYP19');
INSERT INTO ENZYME VALUES (5,'CYP2A6');
INSERT INTO ENZYME VALUES (6,'CYP2A7');
--
INSERT INTO PATIENT_ENZYME VALUES (1,1,'POOR');
INSERT INTO PATIENT_ENZYME VALUES (2,1,'EXTENSIVE');
INSERT INTO PATIENT_ENZYME VALUES (3,1,'EXTENSIVE');
INSERT INTO PATIENT_ENZYME VALUES (4,1,'EXTENSIVE');
INSERT INTO PATIENT_ENZYME VALUES (5,1,'ULTRARAPID');
INSERT INTO PATIENT_ENZYME VALUES (6,1,'NONE');
INSERT INTO PATIENT_ENZYME VALUES (7,1,'POOR');
INSERT INTO PATIENT_ENZYME VALUES (8,1,'EXTENSIVE');
INSERT INTO PATIENT_ENZYME VALUES (9,1,'EXTENSIVE');
INSERT INTO PATIENT_ENZYME VALUES (10,1,'EXTENSIVE');
INSERT INTO PATIENT_ENZYME VALUES (11,1,'ULTRARAPID');
INSERT INTO PATIENT_ENZYME VALUES (12,1,'NONE');
INSERT INTO PATIENT_ENZYME VALUES (13,1,'POOR');
INSERT INTO PATIENT_ENZYME VALUES (14,1,'EXTENSIVE');
INSERT INTO PATIENT_ENZYME VALUES (15,1,'EXTENSIVE');
INSERT INTO PATIENT_ENZYME VALUES (16,1,'EXTENSIVE');
INSERT INTO PATIENT_ENZYME VALUES (17,1,'ULTRARAPID');
INSERT INTO PATIENT_ENZYME VALUES (18,1,'NONE');
INSERT INTO PATIENT_ENZYME VALUES (19,1,'POOR');
INSERT INTO PATIENT_ENZYME VALUES (20,1,'EXTENSIVE');
INSERT INTO PATIENT_ENZYME VALUES (1,2,'EXTENSIVE');
INSERT INTO PATIENT_ENZYME VALUES (2,2,'EXTENSIVE');
INSERT INTO PATIENT_ENZYME VALUES (3,2,'ULTRARAPID');
INSERT INTO PATIENT_ENZYME VALUES (4,2,'NONE');
INSERT INTO PATIENT_ENZYME VALUES (5,2,'POOR');
INSERT INTO PATIENT_ENZYME VALUES (6,2,'EXTENSIVE');
INSERT INTO PATIENT_ENZYME VALUES (7,2,'EXTENSIVE');
INSERT INTO PATIENT_ENZYME VALUES (8,2,'EXTENSIVE');
INSERT INTO PATIENT_ENZYME VALUES (9,2,'ULTRARAPID');
INSERT INTO PATIENT_ENZYME VALUES (10,2,'NONE');
INSERT INTO PATIENT_ENZYME VALUES (11,2,'POOR');
INSERT INTO PATIENT_ENZYME VALUES (12,2,'EXTENSIVE');
INSERT INTO PATIENT_ENZYME VALUES (13,2,'EXTENSIVE');
INSERT INTO PATIENT_ENZYME VALUES (14,2,'EXTENSIVE');
INSERT INTO PATIENT_ENZYME VALUES (15,2,'ULTRARAPID');
INSERT INTO PATIENT_ENZYME VALUES (16,2,'NONE');
INSERT INTO PATIENT_ENZYME VALUES (17,2,'POOR');
INSERT INTO PATIENT_ENZYME VALUES (18,2,'EXTENSIVE');
INSERT INTO PATIENT_ENZYME VALUES (19,2,'EXTENSIVE');
INSERT INTO PATIENT_ENZYME VALUES (20,2,'EXTENSIVE');
INSERT INTO PATIENT_ENZYME VALUES (1,3,'ULTRARAPID');
INSERT INTO PATIENT_ENZYME VALUES (2,3,'NONE');
INSERT INTO PATIENT_ENZYME VALUES (3,3,'POOR');
INSERT INTO PATIENT_ENZYME VALUES (4,3,'EXTENSIVE');
INSERT INTO PATIENT_ENZYME VALUES (5,3,'EXTENSIVE');
INSERT INTO PATIENT_ENZYME VALUES (6,3,'EXTENSIVE');
INSERT INTO PATIENT_ENZYME VALUES (7,3,'ULTRARAPID');
INSERT INTO PATIENT_ENZYME VALUES (8,3,'NONE');
INSERT INTO PATIENT_ENZYME VALUES (9,3,'POOR');
INSERT INTO PATIENT_ENZYME VALUES (10,3,'EXTENSIVE');
INSERT INTO PATIENT_ENZYME VALUES (11,3,'EXTENSIVE');
INSERT INTO PATIENT_ENZYME VALUES (12,3,'EXTENSIVE');
INSERT INTO PATIENT_ENZYME VALUES (13,3,'ULTRARAPID');
INSERT INTO PATIENT_ENZYME VALUES (14,3,'NONE');
INSERT INTO PATIENT_ENZYME VALUES (15,3,'POOR');
INSERT INTO PATIENT_ENZYME VALUES (16,3,'EXTENSIVE');
INSERT INTO PATIENT_ENZYME VALUES (17,3,'EXTENSIVE');
INSERT INTO PATIENT_ENZYME VALUES (18,3,'EXTENSIVE');
INSERT INTO PATIENT_ENZYME VALUES (19,3,'ULTRARAPID');
INSERT INTO PATIENT_ENZYME VALUES (20,3,'NONE');
INSERT INTO PATIENT_ENZYME VALUES (1,4,'POOR');
INSERT INTO PATIENT_ENZYME VALUES (2,4,'EXTENSIVE');
INSERT INTO PATIENT_ENZYME VALUES (3,4,'EXTENSIVE');
INSERT INTO PATIENT_ENZYME VALUES (4,4,'EXTENSIVE');
INSERT INTO PATIENT_ENZYME VALUES (5,4,'ULTRARAPID');
INSERT INTO PATIENT_ENZYME VALUES (6,4,'NONE');
INSERT INTO PATIENT_ENZYME VALUES (7,4,'POOR');
INSERT INTO PATIENT_ENZYME VALUES (8,4,'EXTENSIVE');
INSERT INTO PATIENT_ENZYME VALUES (9,4,'EXTENSIVE');
INSERT INTO PATIENT_ENZYME VALUES (10,4,'EXTENSIVE');
INSERT INTO PATIENT_ENZYME VALUES (11,4,'ULTRARAPID');
INSERT INTO PATIENT_ENZYME VALUES (12,4,'NONE');
INSERT INTO PATIENT_ENZYME VALUES (13,4,'POOR');
INSERT INTO PATIENT_ENZYME VALUES (14,4,'EXTENSIVE');
INSERT INTO PATIENT_ENZYME VALUES (15,4,'EXTENSIVE');
INSERT INTO PATIENT_ENZYME VALUES (16,4,'EXTENSIVE');
INSERT INTO PATIENT_ENZYME VALUES (17,4,'ULTRARAPID');
INSERT INTO PATIENT_ENZYME VALUES (18,4,'NONE');
INSERT INTO PATIENT_ENZYME VALUES (19,4,'POOR');
INSERT INTO PATIENT_ENZYME VALUES (20,4,'EXTENSIVE');
INSERT INTO PATIENT_ENZYME VALUES (1,5,'EXTENSIVE');
INSERT INTO PATIENT_ENZYME VALUES (2,5,'EXTENSIVE');
INSERT INTO PATIENT_ENZYME VALUES (3,5,'ULTRARAPID');
INSERT INTO PATIENT_ENZYME VALUES (4,5,'NONE');
INSERT INTO PATIENT_ENZYME VALUES (5,5,'POOR');
INSERT INTO PATIENT_ENZYME VALUES (6,5,'EXTENSIVE');
INSERT INTO PATIENT_ENZYME VALUES (7,5,'EXTENSIVE');
INSERT INTO PATIENT_ENZYME VALUES (8,5,'EXTENSIVE');
INSERT INTO PATIENT_ENZYME VALUES (9,5,'ULTRARAPID');
INSERT INTO PATIENT_ENZYME VALUES (10,5,'NONE');
INSERT INTO PATIENT_ENZYME VALUES (11,5,'POOR');
INSERT INTO PATIENT_ENZYME VALUES (12,5,'EXTENSIVE');
INSERT INTO PATIENT_ENZYME VALUES (13,5,'EXTENSIVE');
INSERT INTO PATIENT_ENZYME VALUES (14,5,'EXTENSIVE');
INSERT INTO PATIENT_ENZYME VALUES (15,5,'ULTRARAPID');
INSERT INTO PATIENT_ENZYME VALUES (16,5,'NONE');
INSERT INTO PATIENT_ENZYME VALUES (17,5,'POOR');
INSERT INTO PATIENT_ENZYME VALUES (18,5,'EXTENSIVE');
INSERT INTO PATIENT_ENZYME VALUES (19,5,'EXTENSIVE');
INSERT INTO PATIENT_ENZYME VALUES (20,5,'EXTENSIVE');
INSERT INTO PATIENT_ENZYME VALUES (1,6,'ULTRARAPID');
INSERT INTO PATIENT_ENZYME VALUES (2,6,'NONE');
INSERT INTO PATIENT_ENZYME VALUES (3,6,'POOR');
INSERT INTO PATIENT_ENZYME VALUES (4,6,'EXTENSIVE');
INSERT INTO PATIENT_ENZYME VALUES (5,6,'EXTENSIVE');
INSERT INTO PATIENT_ENZYME VALUES (6,6,'EXTENSIVE');
INSERT INTO PATIENT_ENZYME VALUES (7,6,'ULTRARAPID');
INSERT INTO PATIENT_ENZYME VALUES (8,6,'NONE');
INSERT INTO PATIENT_ENZYME VALUES (9,6,'POOR');
INSERT INTO PATIENT_ENZYME VALUES (10,6,'EXTENSIVE');
INSERT INTO PATIENT_ENZYME VALUES (11,6,'EXTENSIVE');
INSERT INTO PATIENT_ENZYME VALUES (12,6,'EXTENSIVE');
INSERT INTO PATIENT_ENZYME VALUES (13,6,'ULTRARAPID');
INSERT INTO PATIENT_ENZYME VALUES (14,6,'NONE');
INSERT INTO PATIENT_ENZYME VALUES (15,6,'POOR');
INSERT INTO PATIENT_ENZYME VALUES (16,6,'EXTENSIVE');
INSERT INTO PATIENT_ENZYME VALUES (17,6,'EXTENSIVE');
INSERT INTO PATIENT_ENZYME VALUES (18,6,'EXTENSIVE');
INSERT INTO PATIENT_ENZYME VALUES (19,6,'ULTRARAPID');
INSERT INTO PATIENT_ENZYME VALUES (20,6,'NONE');

--
INSERT INTO METABOLISM VALUES (1,1,'EXTENSIVE',0.16);
INSERT INTO METABOLISM VALUES (1,1,'NONE',0);
INSERT INTO METABOLISM VALUES (1,1,'POOR',0.1);
INSERT INTO METABOLISM VALUES (1,1,'ULTRARAPID',0.26);
INSERT INTO METABOLISM VALUES (2,2,'EXTENSIVE',0.19);
INSERT INTO METABOLISM VALUES (2,2,'NONE',0);
INSERT INTO METABOLISM VALUES (2,2,'POOR',0.06);
INSERT INTO METABOLISM VALUES (2,2,'ULTRARAPID',0.29);
INSERT INTO METABOLISM VALUES (3,3,'EXTENSIVE',0.21);
INSERT INTO METABOLISM VALUES (3,3,'NONE',0);
INSERT INTO METABOLISM VALUES (3,3,'POOR',0.01);
INSERT INTO METABOLISM VALUES (3,3,'ULTRARAPID',0.31);
INSERT INTO METABOLISM VALUES (4,4,'EXTENSIVE',0.21);
INSERT INTO METABOLISM VALUES (4,4,'NONE',0);
INSERT INTO METABOLISM VALUES (4,4,'POOR',0.12);
INSERT INTO METABOLISM VALUES (4,4,'ULTRARAPID',0.27);
INSERT INTO METABOLISM VALUES (5,5,'EXTENSIVE',0.22);
INSERT INTO METABOLISM VALUES (5,5,'NONE',0);
INSERT INTO METABOLISM VALUES (5,5,'POOR',0.11);
INSERT INTO METABOLISM VALUES (5,5,'ULTRARAPID',0.32);
INSERT INTO METABOLISM VALUES (6,6,'EXTENSIVE',0.22);
INSERT INTO METABOLISM VALUES (6,6,'NONE',0);
INSERT INTO METABOLISM VALUES (6,6,'POOR',0.05);
INSERT INTO METABOLISM VALUES (6,6,'ULTRARAPID',0.29);
INSERT INTO METABOLISM VALUES (1,7,'EXTENSIVE',0.21);
INSERT INTO METABOLISM VALUES (1,7,'NONE',0);
INSERT INTO METABOLISM VALUES (1,7,'POOR',0.14);
INSERT INTO METABOLISM VALUES (1,7,'ULTRARAPID',0.28);
INSERT INTO METABOLISM VALUES (2,8,'EXTENSIVE',0.19);
INSERT INTO METABOLISM VALUES (2,8,'NONE',0);
INSERT INTO METABOLISM VALUES (2,8,'POOR',0.03);
INSERT INTO METABOLISM VALUES (2,8,'ULTRARAPID',0.26);
INSERT INTO METABOLISM VALUES (3,9,'EXTENSIVE',0.21);
INSERT INTO METABOLISM VALUES (3,9,'NONE',0);
INSERT INTO METABOLISM VALUES (3,9,'POOR',0.11);
INSERT INTO METABOLISM VALUES (3,9,'ULTRARAPID',0.31);
INSERT INTO METABOLISM VALUES (4,10,'EXTENSIVE',0.17);
INSERT INTO METABOLISM VALUES (4,10,'NONE',0);
INSERT INTO METABOLISM VALUES (4,10,'POOR',0.12);
INSERT INTO METABOLISM VALUES (4,10,'ULTRARAPID',0.32);
INSERT INTO METABOLISM VALUES (5,11,'EXTENSIVE',0.22);
INSERT INTO METABOLISM VALUES (5,11,'NONE',0);
INSERT INTO METABOLISM VALUES (5,11,'POOR',0.08);
INSERT INTO METABOLISM VALUES (5,11,'ULTRARAPID',0.3);
INSERT INTO METABOLISM VALUES (6,12,'EXTENSIVE',0.17);
INSERT INTO METABOLISM VALUES (6,12,'NONE',0);
INSERT INTO METABOLISM VALUES (6,12,'POOR',0.08);
INSERT INTO METABOLISM VALUES (6,12,'ULTRARAPID',0.29);
INSERT INTO METABOLISM VALUES (1,13,'EXTENSIVE',0.16);
INSERT INTO METABOLISM VALUES (1,13,'NONE',0);
INSERT INTO METABOLISM VALUES (1,13,'POOR',0.14);
INSERT INTO METABOLISM VALUES (1,13,'ULTRARAPID',0.32);
INSERT INTO METABOLISM VALUES (2,14,'EXTENSIVE',0.16);
INSERT INTO METABOLISM VALUES (2,14,'NONE',0);
INSERT INTO METABOLISM VALUES (2,14,'POOR',0.1);
INSERT INTO METABOLISM VALUES (2,14,'ULTRARAPID',0.29);
INSERT INTO METABOLISM VALUES (3,15,'EXTENSIVE',0.18);
INSERT INTO METABOLISM VALUES (3,15,'NONE',0);
INSERT INTO METABOLISM VALUES (3,15,'POOR',0.08);
INSERT INTO METABOLISM VALUES (3,15,'ULTRARAPID',0.3);
INSERT INTO METABOLISM VALUES (4,16,'EXTENSIVE',0.18);
INSERT INTO METABOLISM VALUES (4,16,'NONE',0);
INSERT INTO METABOLISM VALUES (4,16,'POOR',0.02);
INSERT INTO METABOLISM VALUES (4,16,'ULTRARAPID',0.32);
INSERT INTO METABOLISM VALUES (5,17,'EXTENSIVE',0.19);
INSERT INTO METABOLISM VALUES (5,17,'NONE',0);
INSERT INTO METABOLISM VALUES (5,17,'POOR',0.12);
INSERT INTO METABOLISM VALUES (5,17,'ULTRARAPID',0.28);
INSERT INTO METABOLISM VALUES (6,18,'EXTENSIVE',0.18);
INSERT INTO METABOLISM VALUES (6,18,'NONE',0);
INSERT INTO METABOLISM VALUES (6,18,'POOR',0.02);
INSERT INTO METABOLISM VALUES (6,18,'ULTRARAPID',0.31);
INSERT INTO METABOLISM VALUES (1,19,'EXTENSIVE',0.17);
INSERT INTO METABOLISM VALUES (1,19,'NONE',0);
INSERT INTO METABOLISM VALUES (1,19,'POOR',0.02);
INSERT INTO METABOLISM VALUES (1,19,'ULTRARAPID',0.32);
INSERT INTO METABOLISM VALUES (2,20,'EXTENSIVE',0.17);
INSERT INTO METABOLISM VALUES (2,20,'NONE',0);
INSERT INTO METABOLISM VALUES (2,20,'POOR',0.09);
INSERT INTO METABOLISM VALUES (2,20,'ULTRARAPID',0.33);
INSERT INTO METABOLISM VALUES (3,21,'EXTENSIVE',0.17);
INSERT INTO METABOLISM VALUES (3,21,'NONE',0);
INSERT INTO METABOLISM VALUES (3,21,'POOR',0.09);
INSERT INTO METABOLISM VALUES (3,21,'ULTRARAPID',0.27);
INSERT INTO METABOLISM VALUES (4,22,'EXTENSIVE',0.19);
INSERT INTO METABOLISM VALUES (4,22,'NONE',0);
INSERT INTO METABOLISM VALUES (4,22,'POOR',0.08);
INSERT INTO METABOLISM VALUES (4,22,'ULTRARAPID',0.28);
INSERT INTO METABOLISM VALUES (5,23,'EXTENSIVE',0.22);
INSERT INTO METABOLISM VALUES (5,23,'NONE',0);
INSERT INTO METABOLISM VALUES (5,23,'POOR',0.13);
INSERT INTO METABOLISM VALUES (5,23,'ULTRARAPID',0.31);
INSERT INTO METABOLISM VALUES (6,24,'EXTENSIVE',0.17);
INSERT INTO METABOLISM VALUES (6,24,'NONE',0);
INSERT INTO METABOLISM VALUES (6,24,'POOR',0.05);
INSERT INTO METABOLISM VALUES (6,24,'ULTRARAPID',0.29);
INSERT INTO METABOLISM VALUES (1,25,'EXTENSIVE',0.21);
INSERT INTO METABOLISM VALUES (1,25,'NONE',0);
INSERT INTO METABOLISM VALUES (1,25,'POOR',0.08);
INSERT INTO METABOLISM VALUES (1,25,'ULTRARAPID',0.27);
INSERT INTO METABOLISM VALUES (2,26,'EXTENSIVE',0.23);
INSERT INTO METABOLISM VALUES (2,26,'NONE',0);
INSERT INTO METABOLISM VALUES (2,26,'POOR',0.07);
INSERT INTO METABOLISM VALUES (2,26,'ULTRARAPID',0.28);
INSERT INTO METABOLISM VALUES (3,27,'EXTENSIVE',0.2);
INSERT INTO METABOLISM VALUES (3,27,'NONE',0);
INSERT INTO METABOLISM VALUES (3,27,'POOR',0.14);
INSERT INTO METABOLISM VALUES (3,27,'ULTRARAPID',0.27);
INSERT INTO METABOLISM VALUES (4,28,'EXTENSIVE',0.18);
INSERT INTO METABOLISM VALUES (4,28,'NONE',0);
INSERT INTO METABOLISM VALUES (4,28,'POOR',0.1);
INSERT INTO METABOLISM VALUES (4,28,'ULTRARAPID',0.33);
INSERT INTO METABOLISM VALUES (5,29,'EXTENSIVE',0.18);
INSERT INTO METABOLISM VALUES (5,29,'NONE',0);
INSERT INTO METABOLISM VALUES (5,29,'POOR',0.02);
INSERT INTO METABOLISM VALUES (5,29,'ULTRARAPID',0.32);
INSERT INTO METABOLISM VALUES (6,30,'EXTENSIVE',0.18);
INSERT INTO METABOLISM VALUES (6,30,'NONE',0);
INSERT INTO METABOLISM VALUES (6,30,'POOR',0.07);
INSERT INTO METABOLISM VALUES (6,30,'ULTRARAPID',0.32);
INSERT INTO METABOLISM VALUES (1,31,'EXTENSIVE',0.19);
INSERT INTO METABOLISM VALUES (1,31,'NONE',0);
INSERT INTO METABOLISM VALUES (1,31,'POOR',0.1);
INSERT INTO METABOLISM VALUES (1,31,'ULTRARAPID',0.29);
INSERT INTO METABOLISM VALUES (2,32,'EXTENSIVE',0.23);
INSERT INTO METABOLISM VALUES (2,32,'NONE',0);
INSERT INTO METABOLISM VALUES (2,32,'POOR',0.1);
INSERT INTO METABOLISM VALUES (2,32,'ULTRARAPID',0.31);
INSERT INTO METABOLISM VALUES (3,33,'EXTENSIVE',0.21);
INSERT INTO METABOLISM VALUES (3,33,'NONE',0);
INSERT INTO METABOLISM VALUES (3,33,'POOR',0.06);
INSERT INTO METABOLISM VALUES (3,33,'ULTRARAPID',0.27);
INSERT INTO METABOLISM VALUES (4,34,'EXTENSIVE',0.24);
INSERT INTO METABOLISM VALUES (4,34,'NONE',0);
INSERT INTO METABOLISM VALUES (4,34,'POOR',0.02);
INSERT INTO METABOLISM VALUES (4,34,'ULTRARAPID',0.33);
INSERT INTO METABOLISM VALUES (5,35,'EXTENSIVE',0.23);
INSERT INTO METABOLISM VALUES (5,35,'NONE',0);
INSERT INTO METABOLISM VALUES (5,35,'POOR',0.12);
INSERT INTO METABOLISM VALUES (5,35,'ULTRARAPID',0.31);
INSERT INTO METABOLISM VALUES (6,36,'EXTENSIVE',0.23);
INSERT INTO METABOLISM VALUES (6,36,'NONE',0);
INSERT INTO METABOLISM VALUES (6,36,'POOR',0.1);
INSERT INTO METABOLISM VALUES (6,36,'ULTRARAPID',0.31);
--
INSERT INTO MEDICINE VALUES(1, 'Oxycodone');
INSERT INTO MEDICINE VALUES(2, 'Wellbutrin');
INSERT INTO MEDICINE VALUES(3, 'Warfarin');
INSERT INTO MEDICINE VALUES(4, 'Lipitor');
INSERT INTO MEDICINE VALUES(5, 'Nexium');
INSERT INTO MEDICINE VALUES(6, 'Plavix');
INSERT INTO MEDICINE VALUES(7, 'Ablify');
INSERT INTO MEDICINE VALUES(8, 'Crestor');
INSERT INTO MEDICINE VALUES(9, 'Actos');
INSERT INTO MEDICINE VALUES(10, 'Epogen');
INSERT INTO MEDICINE VALUES(11, 'Seroquel');
INSERT INTO MEDICINE VALUES(12, 'Actos');
INSERT INTO MEDICINE VALUES(13, 'AccuNeb');
INSERT INTO MEDICINE VALUES(14, 'Acetadote');
INSERT INTO MEDICINE VALUES(15, 'Aceon');
INSERT INTO MEDICINE VALUES(16, 'Macrobid');
INSERT INTO MEDICINE VALUES(17, 'Mandol');
INSERT INTO MEDICINE VALUES(18, 'Rabavert');
INSERT INTO MEDICINE VALUES(19, 'Renexa');
INSERT INTO MEDICINE VALUES(20, 'Hadol');
INSERT INTO MEDICINE VALUES(21, 'Healon');
INSERT INTO MEDICINE VALUES(22, 'Famvir');
INSERT INTO MEDICINE VALUES(23, 'Danazol');
INSERT INTO MEDICINE VALUES(24, 'Darvon');
INSERT INTO MEDICINE VALUES(25, 'Morphine');
INSERT INTO MEDICINE VALUES(26, 'Vancomycin');
INSERT INTO MEDICINE VALUES(27, 'Meropenem');
INSERT INTO MEDICINE VALUES(28, 'Gentamicin');
INSERT INTO MEDICINE VALUES(29, 'Amphotericin');
INSERT INTO MEDICINE VALUES(30, 'Micafugin');
INSERT INTO MEDICINE VALUES(31, 'Hydromorphone');
INSERT INTO MEDICINE VALUES(32, 'Duxorubicin');
INSERT INTO MEDICINE VALUES(33, 'Cistplatin');
INSERT INTO MEDICINE VALUES(34, 'Paclitaxel');
INSERT INTO MEDICINE VALUES(35, 'Amphotericin');
INSERT INTO MEDICINE VALUES(36, 'Micafugin');
--
INSERT INTO PILL_FORM VALUES(1, 6, 0.700);
INSERT INTO PILL_FORM VALUES(2, 5,  0.800);
INSERT INTO PILL_FORM VALUES(3, 4, 0.600);
INSERT INTO PILL_FORM VALUES(4, 6, 0.700);
INSERT INTO PILL_FORM VALUES(5, 3, 0.700);
INSERT INTO PILL_FORM VALUES(6, 5,  0.800);
INSERT INTO PILL_FORM VALUES(7, 6, 0.700);
INSERT INTO PILL_FORM VALUES(8, 3, 0.700);
INSERT INTO PILL_FORM VALUES(9, 5,  0.800);
INSERT INTO PILL_FORM VALUES(10, 6, 0.700);
INSERT INTO PILL_FORM VALUES(11, 5,  0.800);
INSERT INTO PILL_FORM VALUES(12, 4, 0.600);
INSERT INTO PILL_FORM VALUES(13, 6, 0.700);
INSERT INTO PILL_FORM VALUES(14, 3, 0.700);
INSERT INTO PILL_FORM VALUES(15, 5,  0.800);
INSERT INTO PILL_FORM VALUES(16, 6, 0.700);
INSERT INTO PILL_FORM VALUES(17, 3, 0.700);
INSERT INTO PILL_FORM VALUES(18, 5,  0.800);
INSERT INTO PILL_FORM VALUES(19, 6, 0.700);
INSERT INTO PILL_FORM VALUES(20, 3, 0.700);
INSERT INTO PILL_FORM VALUES(21, 5,  0.800);
INSERT INTO PILL_FORM VALUES(22, 6, 0.700);
INSERT INTO PILL_FORM VALUES(23, 3, 0.700);
INSERT INTO PILL_FORM VALUES(24, 5,  0.800);
--
INSERT INTO INTRAVENOUS VALUES(25, 4);
INSERT INTO INTRAVENOUS VALUES(26, 5);
INSERT INTO INTRAVENOUS VALUES(27, 8);
INSERT INTO INTRAVENOUS VALUES(28, 4);
INSERT INTO INTRAVENOUS VALUES(29, 5);
INSERT INTO INTRAVENOUS VALUES(30, 8);
INSERT INTO INTRAVENOUS VALUES(31, 4);
INSERT INTO INTRAVENOUS VALUES(32, 5);
INSERT INTO INTRAVENOUS VALUES(33, 8);
INSERT INTO INTRAVENOUS VALUES(34, 4);
INSERT INTO INTRAVENOUS VALUES(35, 5);
INSERT INTO INTRAVENOUS VALUES(36, 8);
--
--
INSERT INTO MEDICINE_GENERIC_NAME VALUES(1, 'OxyCotin') ;
INSERT INTO MEDICINE_GENERIC_NAME VALUES(1, 'Roicodone');
INSERT INTO MEDICINE_GENERIC_NAME VALUES(1, 'Oxecta');
INSERT INTO MEDICINE_GENERIC_NAME VALUES(2, 'Buprpion');
INSERT INTO MEDICINE_GENERIC_NAME VALUES(3, 'Coumadin');
INSERT INTO MEDICINE_GENERIC_NAME VALUES(3, 'Jantoven');
INSERT INTO MEDICINE_GENERIC_NAME VALUES(4, 'Atorvastatin');
INSERT INTO MEDICINE_GENERIC_NAME VALUES(5, 'Esomeprazole');
INSERT INTO MEDICINE_GENERIC_NAME VALUES(7, 'Clopidogrel');
INSERT INTO MEDICINE_GENERIC_NAME VALUES(8, 'Rosuvastatin');
INSERT INTO MEDICINE_GENERIC_NAME VALUES(9, 'Piogliazone');
INSERT INTO MEDICINE_GENERIC_NAME VALUES(10, 'Epoetin');
INSERT INTO MEDICINE_GENERIC_NAME VALUES(11, 'Quetiapine');
--
COMMIT;
--
INSERT INTO PRESCRIPTION (DATE_GIVEN,PATIENT_ID,PRESCRIBER_ID,MEDICINE_ID) VALUES(TO_DATE('2016/12/23','YYYY/MM/DD'), 1, 1, 1);
INSERT INTO PRESCRIPTION (DATE_GIVEN,PATIENT_ID,PRESCRIBER_ID,MEDICINE_ID) VALUES(TO_DATE('2016/10/23','YYYY/MM/DD'), 2, 1, 1); 
INSERT INTO PRESCRIPTION (DATE_GIVEN,PATIENT_ID,PRESCRIBER_ID,MEDICINE_ID) VALUES(TO_DATE('2016/11/03','YYYY/MM/DD'), 3, 1, 3);
INSERT INTO PRESCRIPTION (DATE_GIVEN,PATIENT_ID,PRESCRIBER_ID,MEDICINE_ID) VALUES(TO_DATE('2016/04/04','YYYY/MM/DD'), 4, 2, 3);
INSERT INTO PRESCRIPTION (DATE_GIVEN,PATIENT_ID,PRESCRIBER_ID,MEDICINE_ID) VALUES(TO_DATE('2016/08/20','YYYY/MM/DD'), 4, 2, 2);
INSERT INTO PRESCRIPTION (DATE_GIVEN,PATIENT_ID,PRESCRIBER_ID,MEDICINE_ID) VALUES(TO_DATE('2016/02/13','YYYY/MM/DD'), 1, 1, 1);
INSERT INTO PRESCRIPTION (DATE_GIVEN,PATIENT_ID,PRESCRIBER_ID,MEDICINE_ID) VALUES(TO_DATE('2016/11/19','YYYY/MM/DD'), 7, 6, 5); 
INSERT INTO PRESCRIPTION (DATE_GIVEN,PATIENT_ID,PRESCRIBER_ID,MEDICINE_ID) VALUES(TO_DATE('2016/04/29','YYYY/MM/DD'), 8, 5, 7);
INSERT INTO PRESCRIPTION (DATE_GIVEN,PATIENT_ID,PRESCRIBER_ID,MEDICINE_ID) VALUES(TO_DATE('2016/01/23','YYYY/MM/DD'), 9, 1, 8);
INSERT INTO PRESCRIPTION (DATE_GIVEN,PATIENT_ID,PRESCRIBER_ID,MEDICINE_ID) VALUES(TO_DATE('2016/01/01','YYYY/MM/DD'), 4, 2, 7);
INSERT INTO PRESCRIPTION (DATE_GIVEN,PATIENT_ID,PRESCRIBER_ID,MEDICINE_ID) VALUES(TO_DATE('2016/10/05','YYYY/MM/DD'), 10, 12, 13);
INSERT INTO PRESCRIPTION (DATE_GIVEN,PATIENT_ID,PRESCRIBER_ID,MEDICINE_ID) VALUES(TO_DATE('2016/03/18','YYYY/MM/DD'), 6, 5, 10); 
INSERT INTO PRESCRIPTION (DATE_GIVEN,PATIENT_ID,PRESCRIBER_ID,MEDICINE_ID) VALUES(TO_DATE('2016/11/11','YYYY/MM/DD'), 4, 2, 7);
INSERT INTO PRESCRIPTION (DATE_GIVEN,PATIENT_ID,PRESCRIBER_ID,MEDICINE_ID) VALUES(TO_DATE('2016/05/28','YYYY/MM/DD'), 6, 9, 8);
INSERT INTO PRESCRIPTION (DATE_GIVEN,PATIENT_ID,PRESCRIBER_ID,MEDICINE_ID) VALUES(TO_DATE('2016/10/22','YYYY/MM/DD'), 15, 5, 12);
INSERT INTO PRESCRIPTION (DATE_GIVEN,PATIENT_ID,PRESCRIBER_ID,MEDICINE_ID) VALUES(TO_DATE('2016/07/24','YYYY/MM/DD'), 14, 11, 11);
INSERT INTO PRESCRIPTION (DATE_GIVEN,PATIENT_ID,PRESCRIBER_ID,MEDICINE_ID) VALUES(TO_DATE('2016/09/18','YYYY/MM/DD'), 18, 14, 9); 
INSERT INTO PRESCRIPTION (DATE_GIVEN,PATIENT_ID,PRESCRIBER_ID,MEDICINE_ID) VALUES(TO_DATE('2016/04/13','YYYY/MM/DD'), 4, 12, 17);
INSERT INTO PRESCRIPTION (DATE_GIVEN,PATIENT_ID,PRESCRIBER_ID,MEDICINE_ID) VALUES(TO_DATE('2016/10/22','YYYY/MM/DD'), 12, 20, 20);
INSERT INTO PRESCRIPTION (DATE_GIVEN,PATIENT_ID,PRESCRIBER_ID,MEDICINE_ID) VALUES(TO_DATE('2016/12/13','YYYY/MM/DD'), 20, 12, 15);
INSERT INTO PRESCRIPTION (DATE_GIVEN,PATIENT_ID,PRESCRIBER_ID,MEDICINE_ID) VALUES(TO_DATE('2016/10/14','YYYY/MM/DD'), 5, 1, 1);
INSERT INTO PRESCRIPTION (DATE_GIVEN,PATIENT_ID,PRESCRIBER_ID,MEDICINE_ID) VALUES(TO_DATE('2016/08/19','YYYY/MM/DD'), 10, 12, 1); 
INSERT INTO PRESCRIPTION (DATE_GIVEN,PATIENT_ID,PRESCRIBER_ID,MEDICINE_ID) VALUES(TO_DATE('2016/06/22','YYYY/MM/DD'), 3, 10, 13);
INSERT INTO PRESCRIPTION (DATE_GIVEN,PATIENT_ID,PRESCRIBER_ID,MEDICINE_ID) VALUES(TO_DATE('2016/08/23','YYYY/MM/DD'), 14, 19, 20);
INSERT INTO PRESCRIPTION (DATE_GIVEN,PATIENT_ID,PRESCRIBER_ID,MEDICINE_ID) VALUES(TO_DATE('2016/11/27','YYYY/MM/DD'), 14, 15, 18);
INSERT INTO PRESCRIPTION (DATE_GIVEN,PATIENT_ID,PRESCRIBER_ID,MEDICINE_ID) VALUES(TO_DATE('2016/03/03','YYYY/MM/DD'), 16, 17, 15);
INSERT INTO PRESCRIPTION (DATE_GIVEN,PATIENT_ID,PRESCRIBER_ID,MEDICINE_ID) VALUES(TO_DATE('2016/12/31','YYYY/MM/DD'), 18, 16, 20); 
INSERT INTO PRESCRIPTION (DATE_GIVEN,PATIENT_ID,PRESCRIBER_ID,MEDICINE_ID) VALUES(TO_DATE('2016/12/25','YYYY/MM/DD'), 18, 15, 19);
INSERT INTO PRESCRIPTION (DATE_GIVEN,PATIENT_ID,PRESCRIBER_ID,MEDICINE_ID) VALUES(TO_DATE('2016/01/22','YYYY/MM/DD'), 19, 13, 18);
INSERT INTO PRESCRIPTION (DATE_GIVEN,PATIENT_ID,PRESCRIBER_ID,MEDICINE_ID) VALUES(TO_DATE('2016/05/15','YYYY/MM/DD'), 14, 17, 17);
INSERT INTO PRESCRIPTION (DATE_GIVEN,PATIENT_ID,PRESCRIBER_ID,MEDICINE_ID) VALUES(TO_DATE('2016/07/09','YYYY/MM/DD'), 1, 12, 1);
INSERT INTO PRESCRIPTION (DATE_GIVEN,PATIENT_ID,PRESCRIBER_ID,MEDICINE_ID) VALUES(TO_DATE('2016/05/16','YYYY/MM/DD'), 6, 10, 1); 
INSERT INTO PRESCRIPTION (DATE_GIVEN,PATIENT_ID,PRESCRIBER_ID,MEDICINE_ID) VALUES(TO_DATE('2016/11/09','YYYY/MM/DD'), 14, 14, 7);
INSERT INTO PRESCRIPTION (DATE_GIVEN,PATIENT_ID,PRESCRIBER_ID,MEDICINE_ID) VALUES( TO_DATE('2016/04/03','YYYY/MM/DD'), 6, 9, 18);
INSERT INTO PRESCRIPTION (DATE_GIVEN,PATIENT_ID,PRESCRIBER_ID,MEDICINE_ID) VALUES(TO_DATE('2016/09/02','YYYY/MM/DD'), 15, 13, 12);
INSERT INTO PRESCRIPTION (DATE_GIVEN,PATIENT_ID,PRESCRIBER_ID,MEDICINE_ID) VALUES(TO_DATE('2016/06/07','YYYY/MM/DD'), 14, 1, 1);
INSERT INTO PRESCRIPTION (DATE_GIVEN,PATIENT_ID,PRESCRIBER_ID,MEDICINE_ID) VALUES(TO_DATE('2016/10/03','YYYY/MM/DD'), 20, 1, 9); 
INSERT INTO PRESCRIPTION (DATE_GIVEN,PATIENT_ID,PRESCRIBER_ID,MEDICINE_ID) VALUES(TO_DATE('2016/09/08','YYYY/MM/DD'), 7, 2, 17);
INSERT INTO PRESCRIPTION (DATE_GIVEN,PATIENT_ID,PRESCRIBER_ID,MEDICINE_ID) VALUES(TO_DATE('2016/04/04','YYYY/MM/DD'), 1, 12, 20);
INSERT INTO PRESCRIPTION (DATE_GIVEN,PATIENT_ID,PRESCRIBER_ID,MEDICINE_ID) VALUES(TO_DATE('2016/02/22','YYYY/MM/DD'), 20, 2, 5);​